{
    "Precision": 0.5037354553806636,
    "Recall": 0.4408,
    "F1": 0.5231883292106333
}